{"type": "random-forest", "features": ["Heart_Rate", "Systolic_Peak", "Diastolic_Peak", "Pulse_Area", "Age", "Gender", "Height", "Weight"], "trees": [[{"f": -1, "th": -2.0, "l": -1, "r": -1, "v": 118.75510204081633}], [{"f": -1, "th": -2.0, "l": -1, "r": -1, "v": 120.04081632653062}], [{"f": -1, "th": -2.0, "l": -1, "r": -1, "v": 120.0}], [{"f": -1, "th": -2.0, "l": -1, "r": -1, "v": 119.22448979591837}], [{"f": -1, "th": -2.0, "l": -1, "r": -1, "v": 114.83673469387755}], [{"f": -1, "th": -2.0, "l": -1, "r": -1, "v": 114.51020408163265}], [{"f": -1, "th": -2.0, "l": -1, "r": -1, "v": 111.04081632653062}], [{"f": -1, "th": -2.0, "l": -1, "r": -1, "v": 119.24489795918367}], [{"f": -1, "th": -2.0, "l": -1, "r": -1, "v": 111.48979591836735}], [{"f": -1, "th": -2.0, "l": -1, "r": -1, "v": 117.20408163265306}], [{"f": -1, "th": -2.0, "l": -1, "r": -1, "v": 114.81632653061224}], [{"f": -1, "th": -2.0, "l": -1, "r": -1, "v": 118.42857142857143}], [{"f": -1, "th": -2.0, "l": -1, "r": -1, "v": 114.65306122448979}], [{"f": -1, "th": -2.0, "l": -1, "r": -1, "v": 116.18367346938776}], [{"f": -1, "th": -2.0, "l": -1, "r": -1, "v": 112.18367346938776}], [{"f": -1, "th": -2.0, "l": -1, "r": -1, "v": 113.04081632653062}], [{"f": -1, "th": -2.0, "l": -1, "r": -1, "v": 116.95918367346938}], [{"f": -1, "th": -2.0, "l": -1, "r": -1, "v": 112.3061224489796}], [{"f": -1, "th": -2.0, "l": -1, "r": -1, "v": 118.04081632653062}], [{"f": -1, "th": -2.0, "l": -1, "r": -1, "v": 117.16326530612245}], [{"f": -1, "th": -2.0, "l": -1, "r": -1, "v": 113.40816326530613}], [{"f": -1, "th": -2.0, "l": -1, "r": -1, "v": 113.24489795918367}], [{"f": -1, "th": -2.0, "l": -1, "r": -1, "v": 115.71428571428571}], [{"f": -1, "th": -2.0, "l": -1, "r": -1, "v": 116.57142857142857}], [{"f": -1, "th": -2.0, "l": -1, "r": -1, "v": 114.61224489795919}], [{"f": -1, "th": -2.0, "l": -1, "r": -1, "v": 116.46938775510205}], [{"f": -1, "th": -2.0, "l": -1, "r": -1, "v": 115.57142857142857}], [{"f": -1, "th": -2.0, "l": -1, "r": -1, "v": 114.38775510204081}], [{"f": -1, "th": -2.0, "l": -1, "r": -1, "v": 120.81632653061224}], [{"f": -1, "th": -2.0, "l": -1, "r": -1, "v": 119.53061224489795}], [{"f": -1, "th": -2.0, "l": -1, "r": -1, "v": 113.40816326530613}], [{"f": -1, "th": -2.0, "l": -1, "r": -1, "v": 116.73469387755102}], [{"f": -1, "th": -2.0, "l": -1, "r": -1, "v": 115.59183673469387}], [{"f": -1, "th": -2.0, "l": -1, "r": -1, "v": 118.59183673469387}], [{"f": -1, "th": -2.0, "l": -1, "r": -1, "v": 123.34693877551021}], [{"f": -1, "th": -2.0, "l": -1, "r": -1, "v": 117.10204081632654}], [{"f": -1, "th": -2.0, "l": -1, "r": -1, "v": 119.18367346938776}], [{"f": -1, "th": -2.0, "l": -1, "r": -1, "v": 115.34693877551021}], [{"f": -1, "th": -2.0, "l": -1, "r": -1, "v": 115.6734693877551}], [{"f": -1, "th": -2.0, "l": -1, "r": -1, "v": 115.93877551020408}]], "n_estimators": 40, "metrics": {"mae": 13.71416797488226, "r2": -0.002789917293423816, "trainSamples": 49, "testSamples": 13}, "targetMean": 115.85713958740234, "targetStd": 20.219205856323242}