{
  "rmssdCutoff": 167.9552381161895,
  "medianRmssdNormal": 160.75243747404315,
  "medianRmssdStress": 175.1580387583358,
  "logisticCoef": [
    [
      0.07606536610812265,
      -0.6305107916472208,
      0.43763352578368275,
      -0.10825866836608974
    ]
  ],
  "logisticIntercept": [
    -0.0009768103944698355
  ],
  "scalerMean": [
    104.66314009252804,
    125.08706293160733,
    182.91620974740863,
    73.09808941058942
  ],
  "scalerScale": [
    7.691213179433974,
    28.09256905280703,
    47.66906597588292,
    15.728162306656762
  ]
}